task,model,metric,n,mean,std
DTI,distmult,AUROC,12,0.786,0.00492
DTI,rgcn,AUROC,12,0.84433,0.00392
DTI,compgcn,AUROC,12,0.83292,0.0044
DTI,distmult,AUPRC,12,0.84192,0.00261
DTI,rgcn,AUPRC,12,0.87908,0.00287
DTI,compgcn,AUPRC,12,0.87533,0.00242
DTI,distmult,MRR,12,0.407,0.00886
DTI,rgcn,MRR,12,0.40817,0.01577
DTI,compgcn,MRR,12,0.35167,0.01273
DTI,distmult,Hits@1,12,0.37496,0.01003
DTI,rgcn,Hits@1,12,0.37307,0.01889
DTI,compgcn,Hits@1,12,0.29371,0.01604
DTI,distmult,Hits@3,12,0.41973,0.00882
DTI,rgcn,Hits@3,12,0.42008,0.01458
DTI,compgcn,Hits@3,12,0.37831,0.01133
DTI,distmult,Hits@10,12,0.46474,0.00755
DTI,rgcn,Hits@10,12,0.47195,0.00997
DTI,compgcn,Hits@10,12,0.46007,0.00935
DTI,distmult,M,12,0.65677,0.00377
DTI,rgcn,M,12,0.68377,0.00694
DTI,compgcn,M,12,0.65738,0.00505
DTI,distmult,warm_MRR,12,0.449,0.00978
DTI,rgcn,warm_MRR,12,0.45,0.01731
DTI,compgcn,warm_MRR,12,0.38792,0.01409
DTI,distmult,dedup_MRR,12,0.4055,0.00866
DTI,rgcn,dedup_MRR,12,0.40817,0.01569
DTI,compgcn,dedup_MRR,12,0.35067,0.01256
DTI,distmult,dedup_stereo_MRR,12,0.4055,0.00866
DTI,rgcn,dedup_stereo_MRR,12,0.40817,0.01569
DTI,compgcn,dedup_stereo_MRR,12,0.35067,0.01256
TREATS,distmult,AUROC,12,0.92483,0.00103
TREATS,rgcn,AUROC,12,0.88525,0.00538
TREATS,compgcn,AUROC,12,0.91142,0.001
TREATS,distmult,AUPRC,12,0.94725,0.00075
TREATS,rgcn,AUPRC,12,0.91292,0.00219
TREATS,compgcn,AUPRC,12,0.92392,0.00144
TREATS,distmult,MRR,12,0.69175,0.00245
TREATS,rgcn,MRR,12,0.34833,0.03886
TREATS,compgcn,MRR,12,0.22942,0.0098
TREATS,distmult,Hits@1,12,0.67597,0.00253
TREATS,rgcn,Hits@1,12,0.29422,0.03827
TREATS,compgcn,Hits@1,12,0.17838,0.00986
TREATS,distmult,Hits@3,12,0.69633,0.00248
TREATS,rgcn,Hits@3,12,0.3672,0.0421
TREATS,compgcn,Hits@3,12,0.23722,0.01059
TREATS,distmult,Hits@10,12,0.71977,0.00248
TREATS,rgcn,Hits@10,12,0.45044,0.04017
TREATS,compgcn,Hits@10,12,0.32699,0.01057
TREATS,distmult,M,12,0.84057,0.00119
TREATS,rgcn,M,12,0.68155,0.014
TREATS,compgcn,M,12,0.64362,0.00452
TREATS,distmult,warm_MRR,12,0.69817,0.00233
TREATS,rgcn,warm_MRR,12,0.352,0.03945
TREATS,compgcn,warm_MRR,12,0.23183,0.0101
TREATS,distmult,dedup_MRR,12,0.6735,0.00254
TREATS,rgcn,dedup_MRR,12,0.3355,0.03705
TREATS,compgcn,dedup_MRR,12,0.22267,0.00967
TREATS,distmult,dedup_stereo_MRR,12,0.64808,0.00278
TREATS,rgcn,dedup_stereo_MRR,12,0.31875,0.03321
TREATS,compgcn,dedup_stereo_MRR,12,0.21367,0.00903
