model,run,MRR,regime=cold start: an endpoint has no edge at all,regime=context but no known target,regime=warm: the drug has known targets,tail_deg=1,tail_deg=2-3,tail_deg=4-10,tail_deg=>10,head_deg=0 (unseen),head_deg=1,head_deg=2-3,head_deg=4-10,head_deg=>10,tail_ctx=1-10,tail_ctx=11-50,tail_ctx=51-200,tail_ctx=>200,redundant=no,redundant=yes,enrich=DISEASE_PHENOTYPE,enrich=same family (label)
R-GCN,0,0.3493017236715016,0.003419244162482958,0.004189325737953242,0.3549940727272542,0.14455158912709296,0.17557019072852378,0.1729897441770148,0.36814524105025803,0.003679095941903511,0.1302622223181252,0.34841446424379474,0.35826775022145935,0.3579963939507027,0.1722905755914986,0.17502170762212665,0.2942535519980737,0.47384516984171965,0.30353019827168154,0.3823841355492267,0.7444948947361426,0.04178615321589512
R-GCN,1,0.3099485440378407,0.001847013836408898,0.0027874542020277226,0.3150177001723324,0.05428396555076397,0.1969444613878151,0.14178654379561992,0.3278532323824017,0.0021643504799920515,0.1267678399184098,0.31674158959467147,0.34397374355000465,0.31566095669851635,0.117229742025984,0.13249045259641262,0.24941832164300815,0.44271066986386665,0.26183826652244874,0.3447213422439961,0.7397683718885,0.05776669818619444
R-GCN,2,0.30283308872775744,0.001482817499562209,0.006070083594469155,0.30777078553332127,0.03678408697373214,0.13069686987860385,0.1390835432411239,0.32230862223624174,0.0030307174823779094,0.11070151332098499,0.30380247305165287,0.3236402897652824,0.30951453478523316,0.11562312300256147,0.1373968895371682,0.23906650427117357,0.43538447592842533,0.261662000697585,0.3325904297770377,0.72692593649184,0.16412746712240264
R-GCN,3,0.3938065351039752,0.0014603789791460121,0.001914955098385375,0.40026588685285014,0.1464783218836089,0.26533226149176187,0.20645533286154663,0.4129897363326778,0.001613768460506219,0.13577379232040482,0.328364159270306,0.3894000795210123,0.40616593357670305,0.2114067369416975,0.21345997020262464,0.3353422001903203,0.5243083473033467,0.3399583729143868,0.43272652006959555,0.7434051673631096,0.17499580948732066
R-GCN,4,0.3208363905518971,0.002289687175859208,0.0020873669522799725,0.32608392788268015,0.010151748238841983,0.13522333943766449,0.13875767222532917,0.34266710892577656,0.0022214174343351076,0.10534181779601542,0.2848204625248224,0.33358366328196437,0.3295148067145879,0.10144607413046541,0.13462740395658837,0.2569297260927915,0.46186318377445684,0.2689122237395741,0.35836576406278586,0.7568106070812503,0.08040904952020733
R-GCN,5,0.4111451327912006,0.0011862260130196046,0.004106225925894501,0.41788086215248094,0.15704545871101677,0.2549525182014007,0.21099563001379462,0.4319204382449084,0.0021715335407383744,0.14456783262069084,0.34383101618876927,0.39890533021978336,0.4244785597988329,0.20181263280410733,0.22805855644852535,0.3587468785630838,0.5376376406435115,0.36398075624873055,0.44523425953767876,0.6917476734124391,0.12527662849995186
R-GCN,6,0.34994051879711885,0.003923395791360515,0.003885863461704129,0.3556395737119495,0.10679466786684894,0.21079420550991934,0.1851978026031848,0.36807914152980936,0.003910731103673299,0.1353318890592903,0.33319694842895003,0.3537991662057855,0.35926293676859383,0.15673416735099238,0.179471488431125,0.2904849206324809,0.4795427947726104,0.2955127556651552,0.38927942353726896,0.71583582820503,0.05596821558127484
R-GCN,7,0.37876171069601466,0.000950626692132769,0.003363328054889311,0.384970789894132,0.07977881080118641,0.17675775194770607,0.1990481491904671,0.40064138854193876,0.001764754392746576,0.1281431115518523,0.34166375656361886,0.38134182797347116,0.3896670713002751,0.1582672574910556,0.19581445900032868,0.3213438279638025,0.5116705301454708,0.329391356103247,0.4144452582929165,0.6973243017671923,0.057240140486340116
R-GCN,8,0.393208296259091,0.004075937524938395,0.02449459243939549,0.39950376720896236,0.20099527060725528,0.2692605892416621,0.25267230861538714,0.408484154650422,0.010965887865141844,0.14051741960158473,0.413634753921618,0.40222139663094775,0.40255731226193964,0.22025352444868915,0.21085616592294823,0.3333874272171522,0.5250980131034446,0.34671106864214607,0.4268152259333674,0.6946446050229361,0.05182858424949518
R-GCN,9,0.3229505205340636,0.0032116598799104158,0.007695423915454246,0.32819164965926295,0.1207725331413528,0.1579938880440447,0.14858983942141263,0.3413954220725882,0.004724634739004291,0.11520997375045915,0.31732982946830113,0.35750097156251043,0.3294254468681635,0.14686508493228095,0.14358515744845943,0.26681824834067,0.45008917664944226,0.26926755090186283,0.3617511088185619,0.749037145925507,0.14128601308953515
R-GCN,10,0.2959816991440249,0.0010082771990414323,0.0010966193203124776,0.3008393729717258,0.013368703081385066,0.1366703111316452,0.12757836992155408,0.3157369186924297,0.0010380868427743687,0.10888255936455514,0.2944497459915703,0.3236644428790029,0.30211163734803687,0.10047269265158372,0.1258886885693108,0.2333195755203943,0.42924120803820526,0.25513059209675837,0.32550776665419845,0.7456785736173224,0.14991258741258742
R-GCN,11,0.3513436159488851,0.0014619816035146421,0.002679030928312598,0.3570993464245176,0.09851758387044864,0.21524495650784367,0.1696134776574737,0.37054532990416594,0.0018726555408805604,0.11796609413490868,0.31913916592286645,0.3618662751791841,0.3608879394700247,0.15536493827617967,0.1718604186926273,0.28784964927828705,0.48824665014850854,0.3018486889635311,0.3871172010781639,0.7150703082438034,0.06921225525271578
CompGCN,0,0.24795298142331482,0.0016548969053595821,0.0025446031501046144,0.2520045267078964,0.14548337580724224,0.1289377509593815,0.13480474980603413,0.25960421794167093,0.001955114126784971,0.08368361782881094,0.2711689593079331,0.26891597765490616,0.25278073902810877,0.08870959898684505,0.11331141069722156,0.18404191269854997,0.36980525291400024,0.2092183172227494,0.2759493416895496,0.8327670981569533,0.17677042801556417
CompGCN,1,0.2295730375947874,0.0018747157791074755,0.02059746274230974,0.23321914092048465,0.12423099263304462,0.1022039869151981,0.09599000053838516,0.2426296708033951,0.008192408954739874,0.07587258178818365,0.21300044103233332,0.24891233569449292,0.2347871335978826,0.08407643832181025,0.10156342369122831,0.16810932329556713,0.34576858879670724,0.1918521302517576,0.25683668201614035,0.7901828605517144,0.09243937232524962
CompGCN,2,0.21859430996096102,0.001735301314689872,0.00321799578492849,0.22215770288041925,0.10228627196125711,0.09458449245698544,0.08311649062701697,0.2319084409881177,0.002235612981273026,0.06730391675064533,0.19971111974191288,0.24739493701906934,0.22311661144443745,0.06624622519408335,0.08769688794443005,0.16360165149536932,0.32887275232698177,0.18553721912861307,0.2424870748369904,0.8109971783558884,0.09591722595078299
CompGCN,3,0.2321499360928215,0.002027591853938669,0.001728700766843833,0.23594167515038333,0.13714831008526557,0.09424886319343025,0.10658131635989497,0.24481996342262694,0.0019267358104901476,0.0850400476013838,0.22137485336517848,0.2578765350728605,0.2368898860768661,0.09080367960330692,0.09297484334093346,0.17349357650825922,0.3480731547447793,0.199818733251577,0.2555180488999278,0.7405007472241707,0.23846521635190057
CompGCN,4,0.22567419104672023,0.0025025626075074743,0.0010406216076151806,0.2293579165663999,0.1185703761189605,0.1069110246669571,0.10108234749912927,0.238047823938777,0.0020092538694067357,0.06880408630803286,0.24360606010792793,0.2506497770097854,0.22984928117550815,0.0818440616329601,0.09213682345778028,0.17026037168616615,0.3365423591325275,0.18966922492677094,0.2516975998892052,0.7890503772729368,0.1033912324234905
CompGCN,5,0.218937830809353,0.0012940734537141892,0.004918226673526409,0.2225022472883722,0.12447508288359344,0.11151082512850305,0.09636904709774573,0.23061668545325972,0.0025169863152325477,0.0650114593782568,0.21197143528928522,0.24526284811292212,0.22339821056442014,0.08080570652645304,0.09252871623353882,0.16733217282595164,0.32308274232849793,0.18251438063110195,0.24526370853090781,0.8280148830757613,0.30692978007284794
CompGCN,6,0.2346077094770952,0.0011439668182954153,0.001107271595822101,0.23845302367923638,0.11628297777743964,0.08551739824157567,0.09448792657236016,0.24889144768220642,0.0011315845991128558,0.08041831848572048,0.2168969780484551,0.26776613262680876,0.2391695306555881,0.07447108107745105,0.10612716835474399,0.17260768863312592,0.3526291739998248,0.20401804022856132,0.25671708923762554,0.7828938464405533,0.08913649025069639
CompGCN,7,0.2222054440919484,0.002097227972831575,0.002257278834489936,0.22582970150790124,0.11232358158888038,0.09924508472532648,0.09019761816464114,0.23515884680582438,0.0021512345904737638,0.07009724544406361,0.21936355261517726,0.2446634808169224,0.2268692919154053,0.07455019682991215,0.08787296785337,0.16273565156480346,0.33812987122443655,0.18902553998415517,0.24618697505839846,0.8259928008327793,0.11055171405293612
CompGCN,8,0.23071169978756978,0.0026651868033049776,0.0023992872844057155,0.23446906688828978,0.1204740806409516,0.10868785127474115,0.08926553261892338,0.2441644016815194,0.002575463239809972,0.0722193756571684,0.20986020576921516,0.26660088392514997,0.23512580339714406,0.07392028709859413,0.10170798828382102,0.17011828319248817,0.3470569729311831,0.19331854547428712,0.25773845324604666,0.7862526640869133,0.17789589518925314
CompGCN,9,0.24236186186577297,0.0018800671474765523,0.0012491700449508015,0.246326064524057,0.14267652584483836,0.09699325655680244,0.11936201472198223,0.25519513075640327,0.0016671809547086367,0.07682554345044193,0.2741527781796752,0.2618991184073445,0.24701624131079256,0.08284477444836351,0.09709926191574135,0.18364575239153594,0.36144097016675747,0.20282037952680626,0.27094136830709936,0.8022359706487685,0.24744545705606188
CompGCN,10,0.23408297771468542,0.0011496275050368176,0.0016295054697044798,0.2379166855906862,0.11008931874486917,0.08899811937002841,0.11165860662245451,0.24741730298385814,0.0013115546917085068,0.0714363686055703,0.2575698414298977,0.25198722952187125,0.23884271255994197,0.07327479978096484,0.09665654582925208,0.17589711251268011,0.35043062207236203,0.1986683546647891,0.259679702665339,0.8130261701284273,0.11258821598555718
CompGCN,11,0.21512162321037542,0.0011321392811272112,0.0024424803049817615,0.21863871337128668,0.10598163561259674,0.08073518687345971,0.08309897490568449,0.22836495274877544,0.001574293018526286,0.0647932286195229,0.199774202095688,0.23225202180762083,0.22026513498315123,0.06522594430483866,0.08416407443447997,0.16168507343743765,0.32349089628963285,0.18264214508858104,0.23859690535168215,0.7822126597375806,0.12480012791813237
DistMult,0,0.6957759415881305,0.07917856478315301,0.05825229254037495,0.7060474986007692,0.3347133982333475,0.30343625195413493,0.4009570953456092,0.7304239994591025,0.07211732704921034,0.19154475258787934,0.4401300694296036,0.5004172137911974,0.7323422204396066,0.39814200568360464,0.5042628214388499,0.671357287147684,0.79989862002414,0.6501091314770892,0.7287826681072617,0.7078791507905479,0.10003769834469996
DistMult,1,0.6926027148714881,0.06045585142706003,0.052181701899177764,0.7030600554413974,0.31564715879838134,0.3310736661844857,0.39956232940324277,0.7266825473460791,0.05766387127002419,0.19192046534412188,0.40875123387406975,0.4901276634682188,0.7304076026994668,0.3991429801679409,0.5124742421808849,0.6599896625724092,0.8023511063735148,0.6486181839747389,0.7243935357948496,0.6671501510018735,0.11132203875496972
DistMult,2,0.6927071461301563,0.06594932927087441,0.037146450972491606,0.7031898180771929,0.31877258377266526,0.3175814040546284,0.38375403510265726,0.7279542109485577,0.056230256101648564,0.1706994407539744,0.41649262623007866,0.5005766129708804,0.7299881682363234,0.3932099887284322,0.5044156698432816,0.662759334307107,0.8022456971002937,0.6484636857205438,0.7246851142529398,0.6856745545232005,0.12540192926045018
DistMult,3,0.6886413342504542,0.10094833191460525,0.02898046187520313,0.6987205037936017,0.3320559618265137,0.30857037529631837,0.3812406631194285,0.7235502164181835,0.07666391882573846,0.18666392955241906,0.41773762230103856,0.48853791801043717,0.7256091304586579,0.385361738829267,0.5015775250682377,0.6617597522439911,0.7946761285402367,0.64583778974978,0.7195785703733169,0.6958674837405505,0.08819776714513555
DistMult,4,0.6905210597557347,0.08314644125123569,0.006511633354910979,0.7009503187879552,0.3148194461002701,0.31472621851364263,0.39089433164816245,0.7253149683730808,0.05728724421064808,0.165136284695034,0.4264513218441298,0.496817625358807,0.7276263707222294,0.3903277209043328,0.49815885011352,0.6611040357452749,0.800677016927639,0.6473737271437469,0.7217067765616814,0.6742408025818156,0.3192488262910798
DistMult,5,0.6942386759212833,0.08415085922770862,0.030238318879216634,0.7045863422245585,0.3258249899548558,0.29313372231930235,0.38794828839791706,0.7299122052497052,0.06595892997127548,0.17567382336033033,0.4405124064479759,0.4949891679624937,0.7312969654960527,0.3854281113219823,0.5002821342133696,0.6700851612927541,0.7995934365908911,0.6481138650986354,0.727576432880176,0.6746563146879647,0.13497188085815456
DistMult,6,0.6878142896682048,0.07169998301403799,0.02763559806635461,0.6982064803129938,0.3346315438009536,0.30964114707219625,0.3718190990056177,0.7230670765379298,0.05683115716174412,0.18496648078215214,0.4083211459393496,0.4879411035549393,0.7253115908016396,0.38705579888029773,0.4999986616334702,0.6585401064209399,0.7965563994090615,0.6482827877059026,0.7163865825651139,0.6606128904034664,0.04758308157099697
DistMult,7,0.6917907254744687,0.07756044109191872,0.040395919617153574,0.7021135406862559,0.3371981566480778,0.32925115435107744,0.37946123684578015,0.7264561274761284,0.06501986442556562,0.1824301864468847,0.43244068340580805,0.4977801176147212,0.7284765394001298,0.3866713371671243,0.5002861193765133,0.6652482988495364,0.7988483303972632,0.6500610854290524,0.7219517727070588,0.6705824025097366,0.17037771567655277
DistMult,8,0.6925199641986617,0.05274465368968755,0.014923834288952699,0.7032671492456846,0.33339389181632145,0.3210966731126392,0.374106856849186,0.7278565841554143,0.039982619726697935,0.18578956784539824,0.4318853365276101,0.4848793493275575,0.730555972590706,0.38642226704504057,0.4995345356030173,0.6653482617982842,0.8007776259637379,0.6484312498748958,0.724386086065422,0.6933112214795573,0.03870254330998894
DistMult,9,0.6880571524424508,0.048659773575456096,0.021679513948285267,0.6987378667652404,0.3324440395649923,0.29687978206477605,0.37782919736215553,0.723396183267473,0.0395557140879046,0.17012476517040453,0.4363056608909462,0.4876661008818256,0.7255048320578285,0.38924360510887024,0.49787656225406246,0.6580559398461477,0.7981430559375218,0.6468933863727623,0.7178092013781218,0.6746425462606535,0.10582588676005772
DistMult,10,0.6914566424372813,0.08699947313177056,0.021337963982864732,0.7017768676049158,0.33146768600852905,0.32134604676866524,0.3822635103909487,0.7262728330212839,0.0648430412221222,0.17877199170096236,0.4327077487391863,0.4962210572045679,0.7282519494555472,0.38901174962659496,0.4995989634960634,0.6639787375057391,0.799463803013968,0.6488452043981321,0.7222550292421672,0.687727014965087,0.1487086920299917
DistMult,11,0.6927806581321329,0.07597993397873083,0.07061902506207123,0.7029690599659664,0.3293203920903278,0.30627789487939305,0.3749153005205647,0.7285869265091953,0.07417098053057855,0.1757226330759576,0.4166454960065485,0.4967875586154297,0.7299207589190235,0.3871669886466663,0.5009123121423391,0.6665641876724249,0.7996135385018855,0.6480045010423743,0.7251436449062405,0.6910126267333584,0.1194286470043645
