model,run,MRR,regime=cold start: an endpoint has no edge at all,regime=context but no known target,regime=warm: the drug has known targets,tail_deg=1,tail_deg=2-3,tail_deg=4-10,tail_deg=>10,head_deg=0 (unseen),head_deg=1,head_deg=2-3,head_deg=4-10,head_deg=>10,tail_ctx=1-10,tail_ctx=11-50,tail_ctx=51-200,tail_ctx=>200,redundant=no,redundant=yes,enrich=PPI,enrich=PROTEIN_PATHWAY,enrich=PROTEIN_GO_FUNCTION,enrich=GO function (specific),enrich=pathway (specific),enrich=same family (label)
R-GCN,0,0.4198413938465339,0.0044774442839871295,0.1545521687222979,0.49175705646621076,0.16986386096111683,0.25393418896587994,0.29100406521114003,0.6606133555495034,0.07121829225286735,0.20863997743773352,0.38387272617827684,0.5811975576808927,0.6127852251433182,0.0128276670149277,0.3197170184001182,0.4469078280368729,0.4045525139889203,0.07412471625830827,0.4926423625756923,3.8070862264243863,1.3972179078201215,1.0839189787351209,6.3941746864975215,4.906707961927784,9.291322751322753
R-GCN,1,0.3992421993695468,0.006141936892111282,0.14502110894796996,0.46759226357948386,0.14482622652215993,0.20512177716989327,0.27992867118445947,0.648573634035999,0.0679039274132671,0.19299869580414244,0.3593316540556989,0.5584450500019903,0.5831509435452712,0.0060706901616679,0.2312774027917514,0.42888614874830294,0.38966254146425955,0.07970124628810937,0.46653108776004276,3.724534672864081,1.3752923763043632,1.098703392494891,7.1298764068217935,5.283454426165772,9.384393063583817
R-GCN,2,0.37438848148215625,0.00684450677840336,0.13160486568229088,0.4387619091267704,0.12168111139225153,0.21424670054528083,0.2339135942702525,0.618740752212255,0.062327614792171526,0.18924035314925167,0.35193974963528696,0.5045961557818536,0.5534489408345462,0.01058155421876225,0.16641961041077583,0.4089122940799295,0.36459818462574156,0.0733657557480494,0.43777780419523876,3.7432935496243482,1.3788813015585868,1.0943159348278617,6.824932566377435,6.9012032755835335,15.764521684671989
R-GCN,3,0.43888436251951235,0.005797333066135467,0.17566105178767394,0.5126406158894699,0.1459134035020014,0.2827421149804975,0.3505539887712172,0.6876404187346749,0.08133869200618084,0.2400349292029268,0.4385440967334371,0.6046369090848084,0.602151379538065,0.0021712397532447,0.2802250212765233,0.46523842678283134,0.4316901525852288,0.08967801930363334,0.5124201845395399,3.738501677226984,1.4050548947197867,1.0848613676517829,7.030803380193931,6.420749640197735,16.1222366710013
R-GCN,4,0.4022032272641242,0.010193060081312169,0.14441296796862996,0.47075585509777856,0.1326906558486024,0.2196886653842686,0.27567539153032233,0.6588399936489531,0.06988299454717094,0.217697062987926,0.3720445755928296,0.547979174197711,0.5834142271677496,0.0042230602515855,0.2525413641835299,0.4378699508361378,0.3840102250710567,0.0773781599359384,0.4706048436801308,2.747238188414659,1.3425916877830493,1.0918552477199714,6.545527324821978,4.77666760484098,7.648019384745048
R-GCN,5,0.41199457892269303,0.0038952516038740993,0.13096514882717464,0.4845220877018831,0.14123036519565849,0.25279578847475154,0.31769849774793757,0.6509796343072882,0.06040545159752863,0.2239819759721474,0.39942967381895095,0.5541058410912914,0.5994961987146574,0.5833333333333333,0.2619069633281978,0.4459768833365794,0.3945857768494886,0.06620673388341577,0.4848105340835582,3.3258987467018457,1.4015549945019965,1.103040609411401,8.999047619047621,6.023291352690097,14.153892668178385
R-GCN,6,0.4138555186573438,0.014961246035802612,0.1487383896543151,0.48386885163353066,0.1634819957859304,0.2557706035926437,0.28453522792276614,0.6524678050669831,0.0744542755074261,0.21578535382754876,0.40047016090998927,0.5569508957586794,0.5976956249721245,0.01655357967544125,0.29965369520852775,0.44285214865011013,0.3982693715651476,0.07427523285365423,0.4853642868784667,3.4341448350404034,1.3446220346327178,1.0699449887996588,6.26165821609655,4.770151416720803,8.085833333333332
R-GCN,7,0.39611584342395195,0.011237194911804034,0.10857220810845182,0.4665811108116108,0.14933171130958908,0.23005505244143265,0.27545151882097485,0.6323707569296647,0.054523773262155996,0.19258732173974177,0.3362501757390941,0.5537192395541463,0.6011888653740809,0.04139610389610385,0.3136109288816346,0.4247682685751715,0.3768665933625127,0.05953145322719308,0.4669937363748462,2.9194806185291817,1.3589207682813276,1.0970811234562672,7.2269898220692665,5.559861736671206,10.303631553631552
R-GCN,8,0.40784592982848206,0.006932098419341554,0.12603396266518926,0.4796221548436983,0.14939980590623914,0.2597821462027253,0.2733462936416161,0.6495633300548431,0.059898775147838944,0.19644674865469863,0.3855418034587587,0.5487815292002246,0.6125632574632891,0.08320558329432566,0.25099266998506414,0.44520719376282475,0.38862969402928704,0.05645539907716048,0.48184169774864843,4.296210651946889,1.3484374918831308,1.1033210721529212,6.379262490087231,5.971042253521127,10.344700460829493
R-GCN,9,0.41865172198710615,0.005042510405520997,0.14347684339831548,0.4912732804473237,0.15881169576347406,0.22587376405184778,0.308635912382641,0.6675547038383617,0.0666066732352404,0.23108029738245073,0.3812405957081775,0.565133421958456,0.618946287964696,0.0017152295968544,0.28655782684460596,0.4548346641982978,0.39776184944250004,0.07634958967441809,0.4907336562584453,3.0512845352036266,1.3503085005112294,1.0779339499172758,5.685367036430865,5.507833910750297,14.12766290726817
R-GCN,10,0.41195360163513733,0.00734625089069129,0.11107057696026768,0.48590245552991496,0.1460737248543418,0.24843853406023594,0.29515327623310533,0.6570607649041149,0.05347426813539234,0.21408402652409256,0.3867869986631462,0.5810207644733625,0.5891732686235767,0.0454011867905056,0.2945745170495647,0.44834453790382967,0.3889197954303123,0.06703637392597162,0.4845862223226219,3.6698440030338437,1.37190698603179,1.079244408096004,8.391253275503749,6.782452289494542,8.949271247397313
R-GCN,11,0.40284954568921355,0.005884905180369844,0.12562644383900914,0.4737524297185524,0.14675392768130532,0.23601185309352632,0.2852119092077002,0.6436966782140604,0.05913605627917504,0.21503502782168085,0.36135504728534357,0.5490051418437151,0.6008655268204107,0.0330455288175876,0.2677498601245281,0.4515624288522653,0.3690522468183628,0.06804691867508073,0.4733522352028712,3.6549288891061047,1.3509703208240436,1.0765109464918827,8.898500993317679,6.292405420666291,17.97003968253968
CompGCN,0,0.334088641695728,0.0034041317389344084,0.03761225369409672,0.39916564396563703,0.11559277248049064,0.23807201123102426,0.2361254299129202,0.5236775112972838,0.018617080323416912,0.1885411410779882,0.3043627099826277,0.5195672441486878,0.44220423724334906,0.8333333333333333,0.186083225175388,0.3694595534468321,0.31435759659474,0.026480723393704837,0.3988646733218915,4.131596798263465,1.3640178522706925,1.0726031886956053,9.195396159226757,7.514692630176705,14.806679511881825
CompGCN,1,0.3610397541935343,0.006543570315665819,0.03306500903902578,0.43173390849123544,0.1350080423451697,0.24009415954967894,0.252230885840337,0.5667068773168725,0.01833811677494875,0.20451816889032548,0.36038252092203843,0.5466060984216323,0.4725107342938739,0.6875,0.2165268619292171,0.3937440086990401,0.3439984906175293,0.024466573494656522,0.43191528664996126,4.774632223826433,1.4251293560503584,1.0662330523602133,8.11987194688167,9.144186919899138,18.324970273483945
CompGCN,2,0.35883623820649624,0.007732654920828543,0.05096706476942572,0.4272973280264003,0.14264713386826072,0.2394185934158168,0.24942912431913583,0.5585494655691875,0.0269597511925634,0.1968616437714116,0.3369263632069851,0.5454928834216007,0.47942326360437104,0.007632769989659749,0.20874087609096234,0.3931479131538979,0.34203857336641785,0.024130837902299015,0.4293184537334228,4.860495411417016,1.4213825415224495,1.1114675644455785,10.102463211772234,9.326821297041533,17.536819428123778
CompGCN,3,0.3434786887057552,0.005277213854068806,0.05967733823932629,0.4082539435212163,0.10486534473620442,0.234872644883648,0.24622880080296303,0.5484914810147038,0.02946989816299167,0.188650885061376,0.3310735964334926,0.49550895783997134,0.478621655084846,0.1427075098814229,0.1923113374213509,0.38009965500253,0.32410706864260197,0.028340611815092426,0.40984042005506055,4.582587418437344,1.3744940061799187,1.1111938117531703,10.401738193087652,7.282985679993377,18.89900123442935
CompGCN,4,0.3572619486565345,0.004184077052382648,0.03427671550423032,0.4273359102293198,0.12495176767040661,0.24633144806734866,0.25378622168415993,0.5614911254359929,0.017566798329494267,0.19730574564127776,0.3655021773191876,0.5329888080467121,0.4726493347596883,0.37689393939393934,0.2060147414819778,0.38891440770737334,0.3427290075263149,0.017691770825672967,0.4287685883421788,4.752700664969223,1.4127095685332267,1.0855385217567186,9.837513873473917,6.82181853087279,13.52155172413793
CompGCN,5,0.3597670367613957,0.005617278403668507,0.05407534567652701,0.42837729599870317,0.1449330230819322,0.22297291521416,0.22637355573614132,0.572381173656901,0.02716742625720018,0.20446042110593202,0.3603345590619902,0.5370651777503241,0.4717679710823028,0.75,0.2147342917145645,0.39240150070347823,0.3427472142948178,0.031119566781410958,0.4289735741834271,3.785961076733881,1.423682607764672,1.10315143489088,11.039031060754054,6.632529449751709,13.269614060518212
CompGCN,6,0.3516008334679491,0.0035674550501267528,0.055398325658120515,0.41863996039952883,0.1367600213144925,0.21223221697421898,0.2646189008609661,0.5495436080870343,0.026617547384394254,0.20512523431469565,0.34632885169774735,0.5248540921482561,0.4624680871618337,0.2954545454545454,0.20779514029241827,0.3771709044250737,0.3426853437675881,0.027685655090140118,0.41981084559837273,4.681402094090059,1.4211669678308567,1.12272165488867,13.249203626562114,9.346788757471703,20.905970510031427
CompGCN,7,0.3456696561397516,0.006467976814604109,0.06559829266335625,0.41021729745587465,0.13582844108946374,0.2511837747890257,0.23771353878383894,0.5331267474244303,0.03276425978419658,0.20144385625952685,0.33249985795687426,0.5116809726786675,0.4605046564326439,0.00962672240664985,0.21858010148929752,0.38568470701641333,0.31997273012488614,0.03692948092039158,0.41068411826631057,4.965756110312377,1.4569983670625721,1.1132719034109242,13.67977182254689,8.425140315577679,22.974310776942353
CompGCN,8,0.36653990373604456,0.008519204826794961,0.055906004980256586,0.43604695575240954,0.13236591323818975,0.22540037868291343,0.26275914215006874,0.581784831907623,0.02959294150437863,0.20755199604554497,0.3660991800635796,0.5497429805726786,0.4777273980440074,0.6875,0.20533648139747668,0.4000215059552977,0.3507687523563525,0.03394521912438485,0.4365776450530472,3.6629448967858003,1.4096979732293886,1.1028674905989382,8.531218112244897,8.911223788243381,16.737844664281205
CompGCN,9,0.32852602832416583,0.006745859686817535,0.059581163397832884,0.3900573707791618,0.13429130967664754,0.21242004785998364,0.22495772660321434,0.5125924494002326,0.030242640944050405,0.18207644987027014,0.29570744800116444,0.4948676741256332,0.44800992767171643,0.2208333333333333,0.20678486879367491,0.3619693242739807,0.30866558211889233,0.031083681712517856,0.39116139531156274,4.500773691101703,1.4413304823950965,1.1310130779257657,11.844400365227795,7.860248512060143,12.417363249743362
CompGCN,10,0.3432888281257662,0.0034743733923023883,0.050199700811861286,0.4091008903728922,0.13283880084475738,0.23091831260253162,0.23448972405320131,0.5372047592359755,0.024253941605914577,0.1821381987404879,0.32304700176974244,0.5348706458776751,0.4484517357044279,1.0,0.21881300067819898,0.3835584039429785,0.31518010834492965,0.028970571337489103,0.4094779218746709,4.385450538333695,1.3796186591814898,1.1127333732955458,13.58120218579235,10.862045279701066,26.0143723628692
CompGCN,11,0.3694800340499122,0.0036373013895416068,0.06357061185436702,0.43944965543796966,0.11523619608963041,0.27694378669281366,0.27176729737624583,0.5783936874963261,0.030290690072916057,0.19887307556144254,0.3938210009243494,0.5510997868947622,0.47232661397819803,0.6875,0.24440659050923297,0.4027061837679597,0.34948358369632015,0.03372148346577538,0.44018402181279753,4.253094010313368,1.3684027899392113,1.0937632970910638,8.83006950836322,8.388815400636064,13.730480632731698
DistMult,0,0.3951143554280735,0.015821706062957113,0.009482057310580824,0.4739382706413439,0.09889135675188067,0.24335500379855296,0.2886361022990136,0.6503774806104387,0.013002353669394192,0.22940021396808563,0.4028703431123545,0.5877323464298265,0.5242651644885699,1.0,0.23343373531478864,0.42114619323259866,0.3867280729839883,0.02251950685643458,0.4735753255748988,3.3421714285714286,1.2411152033049049,1.0763100455073857,5.596878345246729,5.296839131202542,9.61104761904762
DistMult,1,0.39475708528679904,0.0055230185858897805,0.012226910669628064,0.47443516976734323,0.09319156871726847,0.24383646082218569,0.2938354603252084,0.6509595747854845,0.008504356343031377,0.242806986836573,0.3967316639062826,0.5748544265764816,0.5371729320002053,1.0,0.2581575689072826,0.4228613074502016,0.38106403850133663,0.019129201004644478,0.4738567516615763,2.3796381076956616,1.2355731616905992,1.104227943791823,5.094168294624123,3.6958279861497862,5.179140127388536
DistMult,2,0.4024097980310771,0.008887126437130636,0.00546482991494323,0.4839015177519348,0.09872730374808912,0.28088072729369307,0.3126027239564169,0.6465371148551522,0.007365171472718055,0.2478624690452216,0.40973505790012993,0.5928853026982999,0.5372737825333231,1.0,0.24442001427522192,0.4288663761907426,0.3931299127776368,0.01742304862442615,0.4834802528908704,2.9307207318580786,1.2022535211267602,1.0848280827719154,6.942892967058017,4.920470999644838,8.759812969115295
DistMult,3,0.4235972002049857,0.004046868645319115,0.009357033912890445,0.5096569290602081,0.14736605971519093,0.2888102016298806,0.3255592731315696,0.6590207199453161,0.006408391774140763,0.24437195327738,0.4359940402393761,0.5975523805114293,0.599580038629033,1.0,0.300292697625343,0.4584941440964666,0.401147677563995,0.019505772548367068,0.5086907154897466,3.132123823562763,1.2807461074050241,0.9747740390063577,6.474936848752763,4.811663757998837,6.837406015037592
DistMult,4,0.40261404426657543,0.005632051504159347,0.013049124707898893,0.4838249823326811,0.09683240315747858,0.2631699003871553,0.30340250296680477,0.6569284020014529,0.00893055334660863,0.23927203561959176,0.4079466990096274,0.5936613178997977,0.5417163800829051,0.8333333333333333,0.2076380055774906,0.43541774356194296,0.3915618908727196,0.023492463254113666,0.4824494128012444,2.904886042008044,1.1696543944210849,1.0169087067165,6.557741659538067,5.296107349349163,9.138378123526637
DistMult,5,0.4107660847454412,0.006538719639709122,0.00522527379063843,0.49427255777976187,0.10328873742623594,0.2861589616422736,0.31745072503948946,0.6592497244933018,0.005954607357935669,0.23803268618790083,0.42675450326717246,0.5944875546885718,0.5623420221289545,0.6607142857142857,0.22003255837969854,0.4411468249754043,0.40206829346279066,0.015250780635443127,0.49405364115517625,2.8568099638408992,1.2017707509881421,1.0326774693407283,5.885698528144497,4.601557583385777,8.957397959183673
DistMult,6,0.407702854617427,0.004646830137831723,0.007006954601156839,0.4906306901143016,0.10983878380736276,0.26225094609138694,0.313686473883206,0.6576882585006928,0.005696418658376799,0.2469086936406153,0.40492829016481624,0.5969359735185741,0.5587134275536823,1.0,0.23280766244605755,0.43878466293957247,0.39566720651676207,0.021600623677761315,0.48900820741957435,2.412583409010147,1.1015608234112124,0.938223956726005,5.7340046411403955,4.7279985592508105,7.257369614512472
DistMult,7,0.4188706648697091,0.005241102392445087,0.006862695514509062,0.504047412752706,0.13321409421914118,0.27714885052372507,0.33401278213700814,0.6575642771411134,0.005962253142060761,0.26228529169579357,0.41787307656084766,0.5967387144261252,0.5859312999990397,1.0,0.2845403377536422,0.45094224879581324,0.4007610900551531,0.01793324201226809,0.5033000102730563,2.658850243444466,1.2617283815376639,1.0515092813047124,7.39007302151174,4.315979069706292,9.503954081632653
DistMult,8,0.4108896360544108,0.005148386986027704,0.01921186875001118,0.4932977446056277,0.11440808708703905,0.26345237196910476,0.32839583596422767,0.6568757688597986,0.01140266265993682,0.24400313426409792,0.4158192916446207,0.5979788220736856,0.560131293291016,0.75,0.25963126943839726,0.44110884021570906,0.3972823396683245,0.02422902917519444,0.4923125715823842,2.5287510228371644,1.1676250220840945,0.9529476408891233,5.590532250041452,4.731998822490432,7.248032435010733
DistMult,9,0.40915624429585756,0.004480685327533894,0.00942459074366443,0.49218113310467065,0.11526496535380508,0.27676441542500335,0.30139557380152343,0.6571977710814965,0.0066793263111202,0.2388755954636717,0.4053272786408591,0.5949029023571744,0.5696300599013258,0.5,0.2747137148276934,0.4358887158814488,0.3975812939046783,0.018664072564212906,0.49138603020475935,2.0891459680163327,1.2714844619909818,1.024340408572691,4.136529926832194,4.983817782120175,14.400116144018584
DistMult,10,0.40779891742397023,0.004134855476212288,0.007870253711547813,0.49072601632520785,0.10141037376212365,0.2830705039659038,0.3160679669882589,0.6551667733358129,0.005796052234432754,0.24233235206306106,0.4245323156611192,0.6005749297198977,0.5437517209638714,1.0,0.21832680731664666,0.436042842434721,0.40056749896891575,0.019025349275365495,0.48966680003512103,2.7796838073506636,1.3028274889575513,1.061954522442645,5.4915924474527955,4.191453639514731,7.7687912087912085
DistMult,11,0.3991978626265316,0.005010644868227011,0.007088737634794054,0.4803220708560711,0.11061883144584907,0.2506635527577371,0.3004024483158771,0.6464494495764307,0.005934808973260512,0.2408401089853922,0.4011049234596692,0.5789641055055583,0.5499030866846719,1.0,0.22664646193201216,0.4315136468015716,0.3855552201525496,0.01805062955667067,0.47945979268295197,3.0349294713490433,1.2801258700952074,1.0524443082435586,7.630722559293989,6.0359157881161964,13.904033613445376
