family,tag,is_reference,metric,n,mean,std,sem,delta_vs_full,ci95_lo,ci95_hi,role,alternative,p_ttest,p_ttest_holm,p_wilcoxon,p_wilcoxon_holm,p_equivalence,source_log
comp,comp_full,1,AUROC,5,0.884,0.0064,0.0029,,,,,,,,,,,e3_comp_full_20260924_183731.log
comp,comp_full,1,AUPRC,5,0.912,0.0029,0.0013,,,,,,,,,,,e3_comp_full_20260924_183731.log
comp,comp_full,1,MRR,5,0.3484,0.034,0.0152,,,,,,,,,,,e3_comp_full_20260924_183731.log
comp,comp_full,1,Hits@1,5,0.2947,0.0333,0.0149,,,,,,,,,,,e3_comp_full_20260924_183731.log
comp,comp_full,1,Hits@3,5,0.3673,0.0365,0.0163,,,,,,,,,,,e3_comp_full_20260924_183731.log
comp,comp_full,1,Hits@10,5,0.4496,0.0368,0.0165,,,,,,,,,,,e3_comp_full_20260924_183731.log
comp,comp_neg1,0,AUROC,5,0.8978,0.0016,0.0007,0.0138,0.007819,0.019781,primary,less,0.998475,1.0,1.0,1.0,,e3_comp_neg1_20260925_002128.log
comp,comp_neg1,0,AUPRC,5,0.9158,0.0027,0.0012,0.0038,0.002761,0.004839,primary,less,0.999735,1.0,1.0,1.0,,e3_comp_neg1_20260925_002128.log
comp,comp_neg1,0,MRR,5,0.2254,0.018,0.008,-0.123,-0.173138,-0.072862,primary,less,0.001214,0.003642,0.03125,0.09375,,e3_comp_neg1_20260925_002128.log
comp,comp_neg1,0,Hits@1,5,0.1688,0.0156,0.007,-0.125893,-0.172692,-0.079095,primary,less,0.000859,0.002576,0.03125,0.09375,,e3_comp_neg1_20260925_002128.log
comp,comp_neg1,0,Hits@3,5,0.2375,0.0195,0.0087,-0.129809,-0.183243,-0.076375,primary,less,0.001259,0.003778,0.03125,0.09375,,e3_comp_neg1_20260925_002128.log
comp,comp_neg1,0,Hits@10,5,0.3341,0.0244,0.0109,-0.115534,-0.176646,-0.054421,primary,less,0.003151,0.009453,0.03125,0.09375,,e3_comp_neg1_20260925_002128.log
comp,comp_no_adv,0,AUROC,5,0.9006,0.0023,0.001,0.0166,0.007119,0.026081,primary,less,0.995864,1.0,1.0,1.0,,e3_comp_no_adv_20260924_222442.log
comp,comp_no_adv,0,AUPRC,5,0.919,0.0007,0.0003,0.007,0.003275,0.010725,primary,less,0.996781,1.0,1.0,1.0,,e3_comp_no_adv_20260924_222442.log
comp,comp_no_adv,0,MRR,5,0.2648,0.0286,0.0128,-0.0836,-0.138498,-0.028702,primary,less,0.006695,0.013391,0.03125,0.09375,,e3_comp_no_adv_20260924_222442.log
comp,comp_no_adv,0,Hits@1,5,0.2055,0.0257,0.0115,-0.08927,-0.143342,-0.035198,primary,less,0.005077,0.010154,0.03125,0.09375,,e3_comp_no_adv_20260924_222442.log
comp,comp_no_adv,0,Hits@3,5,0.28,0.0323,0.0144,-0.08728,-0.14497,-0.029589,primary,less,0.006845,0.01369,0.03125,0.09375,,e3_comp_no_adv_20260924_222442.log
comp,comp_no_adv,0,Hits@10,5,0.3778,0.0356,0.0159,-0.07182,-0.13204,-0.0116,primary,less,0.01481,0.029619,0.03125,0.09375,,e3_comp_no_adv_20260924_222442.log
comp,comp_no_disjoint,0,AUROC,5,0.899,0.0019,0.0008,0.015,0.007001,0.022999,secondary,two-sided,0.006487,,0.0625,,,e3_comp_no_disjoint_20260925_013328.log
comp,comp_no_disjoint,0,AUPRC,5,0.9194,0.0005,0.0002,0.0074,0.004162,0.010638,secondary,two-sided,0.003159,,0.0625,,,e3_comp_no_disjoint_20260925_013328.log
comp,comp_no_disjoint,0,MRR,5,0.4206,0.0175,0.0078,0.0722,0.035667,0.108733,secondary,two-sided,0.005374,,0.0625,,,e3_comp_no_disjoint_20260925_013328.log
comp,comp_no_disjoint,0,Hits@1,5,0.3774,0.0197,0.0088,0.082655,0.04707,0.118241,secondary,two-sided,0.002976,,0.0625,,,e3_comp_no_disjoint_20260925_013328.log
comp,comp_no_disjoint,0,Hits@3,5,0.4381,0.0179,0.008,0.070875,0.031535,0.110214,secondary,two-sided,0.007479,,0.0625,,,e3_comp_no_disjoint_20260925_013328.log
comp,comp_no_disjoint,0,Hits@10,5,0.4972,0.0139,0.0062,0.04755,0.008117,0.086982,secondary,two-sided,0.028622,,0.125,,,e3_comp_no_disjoint_20260925_013328.log
comp,comp_no_focal,0,AUROC,5,0.892,0.0075,0.0034,0.008,-0.00677,0.02277,primary,less,0.896469,1.0,0.90625,1.0,,e3_comp_no_focal_20260924_205726.log
comp,comp_no_focal,0,AUPRC,5,0.915,0.0058,0.0026,0.003,-0.005911,0.011911,primary,less,0.798586,1.0,0.875,1.0,,e3_comp_no_focal_20260924_205726.log
comp,comp_no_focal,0,MRR,5,0.4308,0.024,0.0107,0.0824,0.022147,0.142653,primary,less,0.990423,0.990423,1.0,1.0,,e3_comp_no_focal_20260924_205726.log
comp,comp_no_focal,0,Hits@1,5,0.3778,0.0267,0.0119,0.083031,0.021634,0.144428,primary,less,0.990067,0.990067,1.0,1.0,,e3_comp_no_focal_20260924_205726.log
comp,comp_no_focal,0,Hits@3,5,0.4538,0.0245,0.011,0.086479,0.020987,0.151972,primary,less,0.989268,0.989268,1.0,1.0,,e3_comp_no_focal_20260924_205726.log
comp,comp_no_focal,0,Hits@10,5,0.5293,0.0185,0.0083,0.079728,0.019183,0.140272,primary,less,0.989173,0.989173,1.0,1.0,,e3_comp_no_focal_20260924_205726.log
comp,comp_undersample05,0,AUROC,5,0.8908,0.003,0.0014,0.0068,-0.003071,0.016671,secondary,two-sided,0.128353,,0.125,,,e3_comp_undersample05_20260925_043358.log
comp,comp_undersample05,0,AUPRC,5,0.9162,0.0011,0.0005,0.0042,0.000234,0.008166,secondary,two-sided,0.042364,,0.0625,,,e3_comp_undersample05_20260925_043358.log
comp,comp_undersample05,0,MRR,5,0.3332,0.024,0.0107,-0.0152,-0.064978,0.034578,secondary,two-sided,0.4443,,0.625,,,e3_comp_undersample05_20260925_043358.log
comp,comp_undersample05,0,Hits@1,5,0.2772,0.0241,0.0108,-0.01759,-0.067031,0.031851,secondary,two-sided,0.379177,,0.625,,,e3_comp_undersample05_20260925_043358.log
comp,comp_undersample05,0,Hits@3,5,0.3529,0.0257,0.0115,-0.014398,-0.067275,0.038479,secondary,two-sided,0.491738,,0.8125,,,e3_comp_undersample05_20260925_043358.log
comp,comp_undersample05,0,Hits@10,5,0.4385,0.0243,0.0109,-0.011148,-0.063265,0.040968,secondary,two-sided,0.584523,,1.0,,,e3_comp_undersample05_20260925_043358.log
ctx,ctx_full,1,AUROC,5,0.884,0.0064,0.0029,,,,,,,,,,,e3_ctx_full_20260925_062058.log
ctx,ctx_full,1,AUPRC,5,0.912,0.0029,0.0013,,,,,,,,,,,e3_ctx_full_20260925_062058.log
ctx,ctx_full,1,MRR,5,0.3484,0.034,0.0152,,,,,,,,,,,e3_ctx_full_20260925_062058.log
ctx,ctx_full,1,Hits@1,5,0.2947,0.0333,0.0149,,,,,,,,,,,e3_ctx_full_20260925_062058.log
ctx,ctx_full,1,Hits@3,5,0.3673,0.0365,0.0163,,,,,,,,,,,e3_ctx_full_20260925_062058.log
ctx,ctx_full,1,Hits@10,5,0.4496,0.0368,0.0165,,,,,,,,,,,e3_ctx_full_20260925_062058.log
ctx,ctx_no_biochem,0,AUROC,5,0.8868,0.0073,0.0032,0.0028,-0.001262,0.006862,secondary,two-sided,0.128148,,0.1875,,0.00396,e3_ctx_no_biochem_20260925_154711.log
ctx,ctx_no_biochem,0,AUPRC,5,0.9146,0.003,0.0014,0.0026,-0.001187,0.006387,secondary,two-sided,0.129279,,0.1875,,,e3_ctx_no_biochem_20260925_154711.log
ctx,ctx_no_biochem,0,MRR,5,0.3492,0.0471,0.0211,0.0008,-0.047253,0.048853,secondary,two-sided,0.965348,,1.0,,0.164737,e3_ctx_no_biochem_20260925_154711.log
ctx,ctx_no_biochem,0,Hits@1,5,0.2943,0.0442,0.0198,-0.000399,-0.040832,0.040035,secondary,two-sided,0.979472,,1.0,,,e3_ctx_no_biochem_20260925_154711.log
ctx,ctx_no_biochem,0,Hits@3,5,0.3695,0.052,0.0233,0.002272,-0.05387,0.058415,secondary,two-sided,0.915936,,1.0,,,e3_ctx_no_biochem_20260925_154711.log
ctx,ctx_no_biochem,0,Hits@10,5,0.4509,0.0514,0.023,0.001279,-0.059293,0.06185,secondary,two-sided,0.956076,,1.0,,,e3_ctx_no_biochem_20260925_154711.log
ctx,ctx_no_disease_ctx,0,AUROC,5,0.89,0.0032,0.0014,0.006,-0.003737,0.015737,primary,two-sided,0.162289,0.324578,0.125,0.25,,e3_ctx_no_disease_ctx_20260925_195418.log
ctx,ctx_no_disease_ctx,0,AUPRC,5,0.915,0.0016,0.0007,0.003,-0.002268,0.008268,primary,two-sided,0.189004,0.378007,0.25,0.5,,e3_ctx_no_disease_ctx_20260925_195418.log
ctx,ctx_no_disease_ctx,0,MRR,5,0.3248,0.0269,0.012,-0.0236,-0.065206,0.018006,primary,two-sided,0.190405,0.38081,0.1875,0.375,,e3_ctx_no_disease_ctx_20260925_195418.log
ctx,ctx_no_disease_ctx,0,Hits@1,5,0.2713,0.0247,0.011,-0.023436,-0.062805,0.015933,primary,two-sided,0.173719,0.347439,0.1875,0.375,,e3_ctx_no_disease_ctx_20260925_195418.log
ctx,ctx_no_disease_ctx,0,Hits@3,5,0.3407,0.03,0.0134,-0.026614,-0.074457,0.021229,primary,two-sided,0.19736,0.39472,0.1875,0.375,,e3_ctx_no_disease_ctx_20260925_195418.log
ctx,ctx_no_disease_ctx,0,Hits@10,5,0.426,0.0315,0.0141,-0.023564,-0.072077,0.024948,primary,two-sided,0.248759,0.497518,0.3125,0.625,,e3_ctx_no_disease_ctx_20260925_195418.log
ctx,ctx_no_go,0,AUROC,5,0.8882,0.0061,0.0027,0.0042,-0.007428,0.015828,secondary,two-sided,0.372681,,0.25,,0.119161,e3_ctx_no_go_20260925_104123.log
ctx,ctx_no_go,0,AUPRC,5,0.915,0.0021,0.0009,0.003,-0.001967,0.007967,secondary,two-sided,0.168838,,0.25,,,e3_ctx_no_go_20260925_104123.log
ctx,ctx_no_go,0,MRR,5,0.3466,0.0393,0.0176,-0.0018,-0.073249,0.069649,secondary,two-sided,0.947594,,0.8125,,0.259223,e3_ctx_no_go_20260925_104123.log
ctx,ctx_no_go,0,Hits@1,5,0.2929,0.0386,0.0173,-0.001822,-0.072915,0.06927,secondary,two-sided,0.946675,,0.8125,,,e3_ctx_no_go_20260925_104123.log
ctx,ctx_no_go,0,Hits@3,5,0.3647,0.0436,0.0195,-0.002608,-0.079354,0.074138,secondary,two-sided,0.929357,,0.8125,,,e3_ctx_no_go_20260925_104123.log
ctx,ctx_no_go,0,Hits@10,5,0.4473,0.04,0.0179,-0.002307,-0.075132,0.070519,secondary,two-sided,0.934154,,0.8125,,,e3_ctx_no_go_20260925_104123.log
ctx,ctx_no_pathway,0,AUROC,5,0.886,0.0043,0.0019,0.002,-0.00991,0.01391,secondary,two-sided,0.665294,,0.5625,,0.067806,e3_ctx_no_pathway_20260925_133205.log
ctx,ctx_no_pathway,0,AUPRC,5,0.914,0.0019,0.0008,0.002,-0.003622,0.007622,secondary,two-sided,0.379201,,0.5,,,e3_ctx_no_pathway_20260925_133205.log
ctx,ctx_no_pathway,0,MRR,5,0.359,0.0213,0.0095,0.0106,-0.047729,0.068929,secondary,two-sided,0.640397,,0.625,,0.33886,e3_ctx_no_pathway_20260925_133205.log
ctx,ctx_no_pathway,0,Hits@1,5,0.3017,0.0204,0.0091,0.006923,-0.051566,0.065411,secondary,two-sided,0.758933,,0.625,,,e3_ctx_no_pathway_20260925_133205.log
ctx,ctx_no_pathway,0,Hits@3,5,0.3815,0.0235,0.0105,0.014198,-0.047426,0.075823,secondary,two-sided,0.557172,,0.625,,,e3_ctx_no_pathway_20260925_133205.log
ctx,ctx_no_pathway,0,Hits@10,5,0.4649,0.0239,0.0107,0.0153,-0.0448,0.075401,secondary,two-sided,0.518678,,0.4375,,,e3_ctx_no_pathway_20260925_133205.log
ctx,ctx_no_pharma,0,AUROC,5,0.8842,0.0036,0.0016,0.0002,-0.008899,0.009299,primary,two-sided,0.954265,0.954265,1.0,1.0,,e3_ctx_no_pharma_20260925_174101.log
ctx,ctx_no_pharma,0,AUPRC,5,0.9126,0.0011,0.0005,0.0006,-0.003187,0.004387,primary,two-sided,0.682706,0.682706,0.875,0.875,,e3_ctx_no_pharma_20260925_174101.log
ctx,ctx_no_pharma,0,MRR,5,0.3558,0.0277,0.0124,0.0074,-0.046627,0.061427,primary,two-sided,0.723067,0.723067,1.0,1.0,,e3_ctx_no_pharma_20260925_174101.log
ctx,ctx_no_pharma,0,Hits@1,5,0.3014,0.0264,0.0118,0.006635,-0.046722,0.059992,primary,two-sided,0.747297,0.747297,1.0,1.0,,e3_ctx_no_pharma_20260925_174101.log
ctx,ctx_no_pharma,0,Hits@3,5,0.3758,0.0311,0.0139,0.008497,-0.050312,0.067306,primary,two-sided,0.708803,0.708803,0.8125,0.8125,,e3_ctx_no_pharma_20260925_174101.log
ctx,ctx_no_pharma,0,Hits@10,5,0.4573,0.0301,0.0134,0.00774,-0.049622,0.065102,primary,two-sided,0.726954,0.726954,0.625,0.625,,e3_ctx_no_pharma_20260925_174101.log
ctx,ctx_no_ppi,0,AUROC,5,0.8842,0.0069,0.0031,0.0002,-0.006095,0.006495,secondary,two-sided,0.933945,,0.8125,,0.006211,e3_ctx_no_ppi_20260925_083811.log
ctx,ctx_no_ppi,0,AUPRC,5,0.9126,0.0036,0.0016,0.0006,-0.005063,0.006263,secondary,two-sided,0.783259,,0.875,,,e3_ctx_no_ppi_20260925_083811.log
ctx,ctx_no_ppi,0,MRR,5,0.3634,0.0374,0.0167,0.015,-0.008029,0.038029,secondary,two-sided,0.144815,,0.1875,,0.289574,e3_ctx_no_ppi_20260925_083811.log
ctx,ctx_no_ppi,0,Hits@1,5,0.3084,0.038,0.017,0.01366,-0.006809,0.034129,secondary,two-sided,0.13753,,0.125,,,e3_ctx_no_ppi_20260925_083811.log
ctx,ctx_no_ppi,0,Hits@3,5,0.3845,0.0391,0.0175,0.017245,-0.010248,0.044738,secondary,two-sided,0.156551,,0.1875,,,e3_ctx_no_ppi_20260925_083811.log
ctx,ctx_no_ppi,0,Hits@10,5,0.4655,0.0364,0.0163,0.01593,-0.014255,0.046114,secondary,two-sided,0.216726,,0.3125,,,e3_ctx_no_ppi_20260925_083811.log
