family,tag,is_reference,metric,n,mean,std,sem,delta_vs_full,p_ttest,p_ttest_holm,p_wilcoxon,p_wilcoxon_holm,source_log
comp,comp_full,1,AUROC,5,0.8466,0.0043,0.0019,,,,,,e3_comp_full_20260923_102412.log
comp,comp_full,1,AUPRC,5,0.8798,0.0019,0.0009,,,,,,e3_comp_full_20260923_102412.log
comp,comp_full,1,MRR,5,0.4006,0.0366,0.0164,,,,,,e3_comp_full_20260923_102412.log
comp,comp_full,1,Hits@1,5,0.3645,0.044,0.0197,,,,,,e3_comp_full_20260923_102412.log
comp,comp_full,1,Hits@3,5,0.4133,0.0334,0.0149,,,,,,e3_comp_full_20260923_102412.log
comp,comp_full,1,Hits@10,5,0.4668,0.0228,0.0102,,,,,,e3_comp_full_20260923_102412.log
comp,comp_neg1,0,AUROC,5,0.8492,0.0107,0.0048,0.0026,0.565366,1.0,0.625,1.0,e3_comp_neg1_20260923_133127.log
comp,comp_neg1,0,AUPRC,5,0.8754,0.006,0.0027,-0.0044,0.227804,0.683412,0.3125,0.9375,e3_comp_neg1_20260923_133127.log
comp,comp_neg1,0,MRR,5,0.2374,0.0356,0.0159,-0.1632,0.000262,0.001311,0.0625,0.3125,e3_comp_neg1_20260923_133127.log
comp,comp_neg1,0,Hits@1,5,0.1702,0.0379,0.0169,-0.194286,0.000212,0.001062,0.0625,0.3125,e3_comp_neg1_20260923_133127.log
comp,comp_neg1,0,Hits@3,5,0.2624,0.0385,0.0172,-0.15084,0.000439,0.002194,0.0625,0.3125,e3_comp_neg1_20260923_133127.log
comp,comp_neg1,0,Hits@10,5,0.3642,0.0303,0.0136,-0.102605,0.000765,0.003823,0.0625,0.3125,e3_comp_neg1_20260923_133127.log
comp,comp_no_adv,0,AUROC,5,0.8458,0.0046,0.0021,-0.0008,0.704,1.0,1.0,1.0,e3_comp_no_adv_20260923_121415.log
comp,comp_no_adv,0,AUPRC,5,0.8792,0.0031,0.0014,-0.0006,0.573392,0.683412,0.75,0.9375,e3_comp_no_adv_20260923_121415.log
comp,comp_no_adv,0,MRR,5,0.3726,0.0148,0.0066,-0.028,0.174657,0.323811,0.1875,0.5625,e3_comp_no_adv_20260923_121415.log
comp,comp_no_adv,0,Hits@1,5,0.3275,0.0174,0.0078,-0.036933,0.14671,0.440129,0.1875,0.5625,e3_comp_no_adv_20260923_121415.log
comp,comp_no_adv,0,Hits@3,5,0.3902,0.0139,0.0062,-0.023067,0.2065,0.283023,0.1875,0.375,e3_comp_no_adv_20260923_121415.log
comp,comp_no_adv,0,Hits@10,5,0.4538,0.0103,0.0046,-0.012941,0.277105,0.55421,0.3125,0.625,e3_comp_no_adv_20260923_121415.log
comp,comp_no_disjoint,0,AUROC,5,0.8222,0.0095,0.0042,-0.0244,0.00108,0.00432,0.0625,0.3125,e3_comp_no_disjoint_20260923_140028.log
comp,comp_no_disjoint,0,AUPRC,5,0.8574,0.0066,0.0029,-0.0224,0.000685,0.002741,0.0625,0.3125,e3_comp_no_disjoint_20260923_140028.log
comp,comp_no_disjoint,0,MRR,5,0.3632,0.0106,0.0048,-0.0374,0.139422,0.323811,0.1875,0.5625,e3_comp_no_disjoint_20260923_140028.log
comp,comp_no_disjoint,0,Hits@1,5,0.3367,0.0098,0.0044,-0.027773,0.300853,0.440129,0.4375,0.625,e3_comp_no_disjoint_20260923_140028.log
comp,comp_no_disjoint,0,Hits@3,5,0.3697,0.013,0.0058,-0.043529,0.091967,0.283023,0.1875,0.375,e3_comp_no_disjoint_20260923_140028.log
comp,comp_no_disjoint,0,Hits@10,5,0.4121,0.0113,0.005,-0.054622,0.015541,0.062163,0.0625,0.3125,e3_comp_no_disjoint_20260923_140028.log
comp,comp_no_focal,0,AUROC,5,0.8474,0.0098,0.0044,0.0008,0.833637,1.0,1.0,1.0,e3_comp_no_focal_20260923_114527.log
comp,comp_no_focal,0,AUPRC,5,0.8752,0.0087,0.0039,-0.0046,0.311033,0.683412,0.375,0.9375,e3_comp_no_focal_20260923_114527.log
comp,comp_no_focal,0,MRR,5,0.3672,0.0289,0.0129,-0.0334,0.047282,0.189126,0.125,0.5,e3_comp_no_focal_20260923_114527.log
comp,comp_no_focal,0,Hits@1,5,0.3147,0.0363,0.0162,-0.049706,0.024058,0.096231,0.0625,0.3125,e3_comp_no_focal_20260923_114527.log
comp,comp_no_focal,0,Hits@3,5,0.3895,0.026,0.0116,-0.023739,0.115212,0.283023,0.125,0.375,e3_comp_no_focal_20260923_114527.log
comp,comp_no_focal,0,Hits@10,5,0.4646,0.0125,0.0056,-0.002185,0.747266,0.747266,0.625,0.625,e3_comp_no_focal_20260923_114527.log
comp,comp_undersample05,0,AUROC,5,0.8146,0.0058,0.0026,-0.032,2.5e-05,0.000124,0.0625,0.3125,e3_comp_undersample05_20260923_165423.log
comp,comp_undersample05,0,AUPRC,5,0.855,0.0049,0.0022,-0.0248,0.000298,0.001491,0.0625,0.3125,e3_comp_undersample05_20260923_165423.log
comp,comp_undersample05,0,MRR,5,0.3562,0.0251,0.0112,-0.0444,0.107937,0.323811,0.1875,0.5625,e3_comp_undersample05_20260923_165423.log
comp,comp_undersample05,0,Hits@1,5,0.3225,0.0295,0.0132,-0.041933,0.188408,0.440129,0.3125,0.625,e3_comp_undersample05_20260923_165423.log
comp,comp_undersample05,0,Hits@3,5,0.3686,0.0223,0.01,-0.044664,0.070756,0.283023,0.0625,0.3125,e3_comp_undersample05_20260923_165423.log
comp,comp_undersample05,0,Hits@10,5,0.4142,0.02,0.0089,-0.052521,0.017521,0.062163,0.0625,0.3125,e3_comp_undersample05_20260923_165423.log
ctx,ctx_core_ppi,0,AUROC,5,0.7882,0.0044,0.002,-0.0578,5e-06,2.8e-05,0.0625,0.375,e3_ctx_core_ppi_20260923_191535.log
ctx,ctx_core_ppi,0,AUPRC,5,0.8316,0.004,0.0018,-0.0478,7e-06,4.1e-05,0.0625,0.375,e3_ctx_core_ppi_20260923_191535.log
ctx,ctx_core_ppi,0,MRR,5,0.3046,0.0177,0.0079,-0.102,0.005378,0.032266,0.0625,0.375,e3_ctx_core_ppi_20260923_191535.log
ctx,ctx_core_ppi,0,Hits@1,5,0.2742,0.0193,0.0086,-0.097647,0.012199,0.060997,0.0625,0.375,e3_ctx_core_ppi_20260923_191535.log
ctx,ctx_core_ppi,0,Hits@3,5,0.3123,0.0175,0.0078,-0.106681,0.003074,0.018445,0.0625,0.375,e3_ctx_core_ppi_20260923_191535.log
ctx,ctx_core_ppi,0,Hits@10,5,0.3588,0.0173,0.0077,-0.111134,0.001,0.006,0.0625,0.375,e3_ctx_core_ppi_20260923_191535.log
ctx,ctx_full,1,AUROC,5,0.846,0.0044,0.0019,,,,,,e3_ctx_full_20260923_175508.log
ctx,ctx_full,1,AUPRC,5,0.8794,0.0021,0.0009,,,,,,e3_ctx_full_20260923_175508.log
ctx,ctx_full,1,MRR,5,0.4066,0.0286,0.0128,,,,,,e3_ctx_full_20260923_175508.log
ctx,ctx_full,1,Hits@1,5,0.3719,0.0352,0.0158,,,,,,e3_ctx_full_20260923_175508.log
ctx,ctx_full,1,Hits@3,5,0.4189,0.0252,0.0113,,,,,,e3_ctx_full_20260923_175508.log
ctx,ctx_full,1,Hits@10,5,0.47,0.0174,0.0078,,,,,,e3_ctx_full_20260923_175508.log
ctx,ctx_no_biochem,0,AUROC,5,0.841,0.0066,0.0029,-0.005,0.121393,0.364179,0.1875,0.5625,e3_ctx_no_biochem_20260924_000618.log
ctx,ctx_no_biochem,0,AUPRC,5,0.877,0.0054,0.0024,-0.0024,0.299461,0.898384,0.375,1.0,e3_ctx_no_biochem_20260924_000618.log
ctx,ctx_no_biochem,0,MRR,5,0.4082,0.0307,0.0137,0.0016,0.925554,1.0,1.0,1.0,e3_ctx_no_biochem_20260924_000618.log
ctx,ctx_no_biochem,0,Hits@1,5,0.3742,0.0352,0.0158,0.002311,0.908692,1.0,0.8125,1.0,e3_ctx_no_biochem_20260924_000618.log
ctx,ctx_no_biochem,0,Hits@3,5,0.419,0.0283,0.0127,4.2e-05,0.997776,1.0,1.0,1.0,e3_ctx_no_biochem_20260924_000618.log
ctx,ctx_no_biochem,0,Hits@10,5,0.4721,0.0227,0.0102,0.002185,0.866606,1.0,1.0,1.0,e3_ctx_no_biochem_20260924_000618.log
ctx,ctx_no_drugctx,0,AUROC,5,0.8452,0.0022,0.001,-0.0008,0.67018,1.0,0.6875,1.0,e3_ctx_no_drugctx_20260923_231822.log
ctx,ctx_no_drugctx,0,AUPRC,5,0.878,0.0021,0.0009,-0.0014,0.311061,0.898384,0.375,1.0,e3_ctx_no_drugctx_20260923_231822.log
ctx,ctx_no_drugctx,0,MRR,5,0.379,0.0353,0.0158,-0.0276,0.010695,0.053475,0.0625,0.375,e3_ctx_no_drugctx_20260923_231822.log
ctx,ctx_no_drugctx,0,Hits@1,5,0.3392,0.0406,0.0181,-0.032689,0.00501,0.030059,0.0625,0.375,e3_ctx_no_drugctx_20260923_231822.log
ctx,ctx_no_drugctx,0,Hits@3,5,0.3932,0.0334,0.0149,-0.025714,0.024711,0.123556,0.0625,0.375,e3_ctx_no_drugctx_20260923_231822.log
ctx,ctx_no_drugctx,0,Hits@10,5,0.4506,0.0245,0.011,-0.019328,0.04631,0.231548,0.0625,0.375,e3_ctx_no_drugctx_20260923_231822.log
ctx,ctx_no_go,0,AUROC,5,0.8364,0.0046,0.0021,-0.0096,0.001733,0.008666,0.0625,0.375,e3_ctx_no_go_20260923_210035.log
ctx,ctx_no_go,0,AUPRC,5,0.8732,0.0046,0.0021,-0.0062,0.035406,0.177031,0.0625,0.375,e3_ctx_no_go_20260923_210035.log
ctx,ctx_no_go,0,MRR,5,0.399,0.0173,0.0077,-0.0076,0.667895,1.0,1.0,1.0,e3_ctx_no_go_20260923_210035.log
ctx,ctx_no_go,0,Hits@1,5,0.3683,0.0195,0.0087,-0.003613,0.859522,1.0,1.0,1.0,e3_ctx_no_go_20260923_210035.log
ctx,ctx_no_go,0,Hits@3,5,0.4082,0.0166,0.0074,-0.010756,0.516519,1.0,0.4375,1.0,e3_ctx_no_go_20260923_210035.log
ctx,ctx_no_go,0,Hits@10,5,0.4537,0.0134,0.006,-0.016303,0.234846,0.939383,0.3125,1.0,e3_ctx_no_go_20260923_210035.log
ctx,ctx_no_pathway,0,AUROC,5,0.8378,0.0098,0.0044,-0.0082,0.089764,0.359058,0.0625,0.375,e3_ctx_no_pathway_20260923_220733.log
ctx,ctx_no_pathway,0,AUPRC,5,0.8734,0.0071,0.0032,-0.006,0.087475,0.349898,0.125,0.5,e3_ctx_no_pathway_20260923_220733.log
ctx,ctx_no_pathway,0,MRR,5,0.3908,0.0082,0.0037,-0.0158,0.338014,1.0,0.4375,1.0,e3_ctx_no_pathway_20260923_220733.log
ctx,ctx_no_pathway,0,Hits@1,5,0.3551,0.0111,0.005,-0.016807,0.407453,1.0,0.625,1.0,e3_ctx_no_pathway_20260923_220733.log
ctx,ctx_no_pathway,0,Hits@3,5,0.4039,0.0061,0.0027,-0.015,0.270946,1.0,0.4375,1.0,e3_ctx_no_pathway_20260923_220733.log
ctx,ctx_no_pathway,0,Hits@10,5,0.4553,0.0111,0.005,-0.014622,0.2395,0.939383,0.3125,1.0,e3_ctx_no_pathway_20260923_220733.log
ctx,ctx_no_ppi,0,AUROC,5,0.8462,0.0108,0.0049,0.0002,0.9647,1.0,1.0,1.0,e3_ctx_no_ppi_20260923_195706.log
ctx,ctx_no_ppi,0,AUPRC,5,0.8798,0.008,0.0036,0.0004,0.92337,0.92337,1.0,1.0,e3_ctx_no_ppi_20260923_195706.log
ctx,ctx_no_ppi,0,MRR,5,0.4062,0.0066,0.0029,-0.0004,0.974548,1.0,1.0,1.0,e3_ctx_no_ppi_20260923_195706.log
ctx,ctx_no_ppi,0,Hits@1,5,0.3695,0.0074,0.0033,-0.002353,0.871224,1.0,0.8125,1.0,e3_ctx_no_ppi_20260923_195706.log
ctx,ctx_no_ppi,0,Hits@3,5,0.42,0.0075,0.0034,0.001008,0.929538,1.0,0.8125,1.0,e3_ctx_no_ppi_20260923_195706.log
ctx,ctx_no_ppi,0,Hits@10,5,0.4716,0.0096,0.0043,0.001597,0.877559,1.0,0.8125,1.0,e3_ctx_no_ppi_20260923_195706.log
